,0
0,","
1,di
2,.
3,il
4,@
5,@
6,la
7,e
8,essere
9,del
10,che
11,in
12,della
13,a
14,per
15,''
16,un
17,l'
18,avere
19,non
20,:
21,al
22,)
23,(
24,con
25,una
26,si
27,-
28,da
29,alla
30,nel
31,dell'
32,questo
33,;
34,potere
35,più
36,dal
37,fare
38,come
39,o
40,ma
41,...
42,anche
43,nella
44,all'
45,suo
46,_
47,tutto
48,se
49,ed
50,dalla
51,ad
52,cui
53,dovere
54,?
55,articolo
56,anno
57,altro
58,quello
59,numero
60,sul
61,dire
62,'
63,sulla
64,tra
65,su
66,solo
67,primo
68,venire
69,ci
70,mi
71,da|di
72,nuovo
73,lavoro
74,parte
75,loro
76,stesso
77,proprio
78,perché
79,grande
80,!
81,molto
82,»
83,due
84,legge
85,/
86,volere
87,«
88,andare
89,nell'
90,dall'
91,un'
92,ora
93,dare
94,secondo
95,servizio
96,tempo
97,quanto
98,mio
99,pubblico
100,nostro
101,cosa
102,caso
103,lo
104,così
105,sempre
106,ogni
107,dopo
108,quando
109,giorno
110,poi
111,stare
112,tale
113,sapere
114,comma
115,senza
116,ancora
117,italiano
118,stato
119,già
120,trovare
121,vedere
122,attività
123,quale
124,presidente
125,volta
126,essere|stare
127,alcun
128,io
129,ne
130,chi
131,fine
132,modo
133,via
134,c'
135,diritto
136,punto
137,persona
138,presente
139,vita
140,Italia
141,diverso
142,ultimo
143,mondo
144,comune
145,quindi
146,paese
147,sistema
148,%
149,[
150,]
151,tanto
152,nazionale
153,dove
154,progetto
155,mettere
156,previsto
157,quali
158,scrivere
159,scuola
160,consiglio
161,senso
162,commissione
163,particolare
164,oggi
165,corso
166,relativo
167,decreto
168,poco
169,=
170,sociale
171,problema
172,ricerca
173,bene
174,governo
175,uomo
176,presentare
177,uno
178,parlare
179,pensare
180,europeo
181,regione
182,prendere
183,gruppo
184,
185,noi
186,generale
187,quella
188,base
189,informazione
190,politico
191,chiedere
192,regionale
193,mai
194,fino
195,tre
196,oltre
197,vi
198,tutti
199,tenere
200,rispetto
201,portare
202,intervento
203,fatto
204,ti
205,centro
206,possibile
207,invece
208,ciò
209,interno
210,vero
211,storia
212,termine
213,livello
214,contro
215,atto
216,personale
217,pagina
218,prima
219,certo
220,me
221,programma
222,mentre
223,titolo
224,studio
225,meno
226,locale
227,momento
228,ministro
229,disposizione
230,sito
231,infatti
232,°
233,rendere
234,mese
235,rapporto
236,qualche
237,Roma
238,sembrare
239,però
240,fra
241,sull'
242,necessario
243,settore
244,piano
245,qui
246,area
247,casa
248,presso
249,dato
250,comunque
251,trattare
252,cercare
253,unico
254,amministrazione
255,economico
256,parola
257,opera
258,arrivare
259,|
260,materia
261,verso
262,norma
263,lui
264,forma
265,attraverso
266,sentire
267,posto
268,sviluppo
269,euro
270,piccolo
271,tuo
272,quelli
273,svolgere
274,
275,credere
276,domanda
277,inviare
278,esempio
279,società
280,ricordare
281,riguardare
282,condizione
283,impresa
284,riuscire
285,importante
286,città
287,soggetto
288,lasciare
289,periodo
290,considerare
291,ente
292,data
293,sotto
294,relazione
295,soprattutto
296,tipo
297,formazione
298,proposta
299,forse
300,territorio
301,seguente
302,parere
303,esame
304,associazione
305,situazione
306,utilizzare
307,passare
308,gli
309,tecnico
310,valore
311,lungo
312,ritenere
313,ufficio
314,donna
315,mezzo
316,funzione
317,seguire
318,azione
319,sede
320,diventare
321,alto
322,nome
323,luogo
324,inoltre
325,leggere
326,forza
327,fondo
328,politica
329,visto
330,internazionale
331,giovane
332,rete
333,dicembre
334,oggetto
335,vivere
336,costituire
337,bello
338,risultato
339,circa
340,quasi
341,interesse
342,no
343,richiesta
344,conoscere
345,realizzare
346,mercato
347,riferimento
348,usare
349,struttura
350,campo
351,consentire
352,cittadino
353,po'
354,uso
355,prodotto
356,messaggio
357,testo
358,tornare
359,ambito
360,effetto
361,allora
362,iniziativa
363,almeno
364,risposta
365,capire
366,entro
367,guerra
368,umano
369,famiglia
370,gestione
371,bambino
372,luglio
373,controllo
374,buono
375,grazie
376,misura
377,lettera
378,successivo
379,obiettivo
380,università
381,processo
382,possibilità
383,ruolo
384,libro
385,organizzazione
386,insieme
387,rappresentare
388,marzo
389,strumento
390,creare
391,accordo
392,questione
393,sicurezza
394,milione
395,ordine
396,continuare
397,realtà
398,chiamare
399,istituto
400,giugno
401,lavoratore
402,grado
403,azienda
404,ben
405,comunicazione
406,definire
407,prevedere
408,´
409,esistere
410,porre
411,+
412,proporre
413,esperienza
414,conto
415,film
416,contratto
417,strada
418,spesa
419,confronto
420,rispondere
421,meglio
422,altri
423,acqua
424,&
425,terzo
426,tema
427,de
428,mano
429,nascere
430,qualità
431,documento
432,li
433,durante
434,esprimere
435,ambiente
436,l
437,civile
438,troppo
439,né
440,spesso
441,culturale
442,aprire
443,Milano
444,precedente
445,provvedimento
446,intendere
447,maggio
448,le
449,scelta
450,superiore
451,cultura
452,risorsa
453,effettuare
454,richiedere
455,idea
456,restare
457,permettere
458,modalità
459,forte
460,offrire
461,risultare
462,valutazione
463,ottenere
464,finanziario
465,gennaio
466,legislativo
467,autore
468,nonché
469,sia
470,entrare
471,aprile
472,contenere
473,privato
474,zona
475,massimo
476,aggiungere
477,fuori
478,presenza
479,specifico
480,settembre
481,regolamento
482,procedura
483,competenza
484,decidere
485,incontro
486,tu
487,gioco
488,professionale
489,figlio
490,inserire
491,amico
492,rimanere
493,lei
494,ragione
495,prova
496,fornire
497,causa
498,indicare
499,spazio
500,partire
501,avvenire
502,#
503,Europa
504,fa
505,guardare
506,comprendere
507,febbraio
508,prossimo
509,*
510,istituzione
511,voto
512,linea
513,posizione
514,vista
515,approvare
516,ottobre
517,comunità
518,aspetto
519,immagine
520,stabilire
521,inizio
522,elemento
523,quelle
524,sezione
525,amministrativo
526,serie
527,b
528,provincia
529,sostenere
530,applicazione
531,fronte
532,Dio
533,rischio
534,capo
535,chiesa
536,repubblica
537,produzione
538,assumere
539,col
540,futuro
541,pubblicare
542,cioè
543,lavorare
544,raggiungere
545,iniziare
546,contributo
547,scolastico
548,riconoscere
549,cura
550,storico
551,re
552,modello
553,novembre
554,libero
555,sei
556,autorità
557,utente
558,concorso
559,piacere
560,seguito
561,costo
562,limite
563,membro
564,principale
565,amore
566,Ministero
567,ufficiale
568,produrre
569,c
570,spiegare
571,garantire
572,camera
573,partecipare
574,motivo
575,conoscenza
576,perdere
577,cambiare
578,contenuto
579,corpo
580,te
581,servire
582,scientifico
583,qualcosa
584,nulla
585,prezzo
586,dunque
587,uscire
588,disporre
589,ormai
590,agosto
591,fase
592,natura
593,parte|parto
594,pieno
595,esercizio
596,singolo
597,scegliere
598,cominciare
599,finire
600,attenzione
601,materiale
602,ragazzo
603,occasione
604,quattro
605,dedicare
606,bilancio
607,voce
608,eventuale
609,categoria
610,quota
611,terra
612,musica
613,bisogno
614,dichiarare
615,intero
616,unità
617,semplice
618,nessuno
619,applicare
620,migliore
621,responsabile
622,medio
623,scorso
624,ricevere
625,libertà
626,vostro
627,capacità
628,organizzare
629,dichiarazione
630,occhio
631,esigenza
632,pace
633,sì
634,luce
635,d
636,comitato
637,comunale
638,estero
639,classe
640,adottare
641,percorso
642,unione
643,vecchio
644,male
645,partecipazione
646,settimana
647,costituzione
648,americano
649,soluzione
650,criterio
651,professore
652,of
653,questa
654,san
655,direttore
656,bastare
657,sanitario
658,utile
659,disciplina
660,registrare
661,speciale
662,morte
663,studente
664,collaborazione
665,economia
666,cento
667,voi
668,operazione
669,apparire
670,pario
671,carattere
672,realizzazione
673,movimento
674,subito
675,soltanto
676,impegno
677,accesso
678,qualsiasi
679,tutela
680,militare
681,dimostrare
682,giudizio
683,ovvero
684,medico
685,direzione
686,lingua
687,padre
688,pur
689,responsabilità
690,medesimo
691,affermare
692,noto
693,riforma
694,nessun
695,oppure
696,discussione
697,notizia
698,vicino
699,necessità
700,ce
701,commento
702,difficile
703,essa
704,determinare
705,decisione
706,centrale
707,provare
708,tuttavia
709,bisognare
710,C
711,attuale
712,chiaro
713,ex
714,indirizzo
715,niente
716,giusto
717,morire
718,ulteriore
719,riportare
720,finale
721,codice
722,individuare
723,impianto
724,partito
725,costruire
726,fondamentale
727,destinare
728,corte
729,carta
730,sopra
731,interessato
732,età
733,modifica
734,analisi
735,attuazione
736,ciao
737,rivolgere
738,evitare
739,diretto
740,trattamento
741,arte
742,disponibile
743,provinciale
744,grave
745,modificare
746,riferire
747,vario
748,infine
749,qualcuno
750,promuovere
751,emendamento
752,scopo
753,giudice
754,scienza
755,intervenire
756,straniero
757,regola
758,quadro
759,istruzione
760,gran
761,amare
762,evento
763,II
764,genere
765,cuore
766,operare
767,basso
768,argomento
769,x
770,fisico
771,B
772,gente
773,the
774,ambientale
775,ridurre
776,assicurare
777,naturale
778,affrontare
779,gara
780,derivare
781,docente
782,integrazione
783,favore
784,trasporto
785,verificare
786,banca
787,giornata
788,mare
789,dirigente
790,davvero
791,salute
792,difesa
793,secolo
794,danno
795,ieri
796,popolo
797,mediante
798,sostituire
799,obbligo
800,sottolineare
801,complesso
802,!
803,!
804,breve
805,sole
806,appena
807,mancare
808,osservare
809,offerta
810,minore
811,stampa
812,dipendente
813,merito
814,totale
815,tecnologia
816,concludere
817,cinque
818,sperare
819,essi
820,facoltà
821,mondiale
822,caratteristica
823,guida
824,vario|varo
825,pure
826,superare
827,compito
828,minimo
829,carico
830,pagare
831,egli
832,rappresentante
833,entrata
834,viaggio
835,numeroso
836,antico
837,animale
838,impegnare
839,presentazione
840,aiutare
841,passo
842,maggioranza
843,raccogliere
844,passato
845,occorrere
846,esterno
847,Paolo
848,valere
849,occupare
850,giustizia
851,esso
852,fermare
853,scoprire
854,resto
855,minuto
856,popolazione
857,disegno
858,direttamente
859,pertanto
860,buon
861,vincere
862,sinistra
863,Provincia
864,raccontare
865,coinvolgere
866,chiudere
867,conferenza
868,ecco
869,notte
870,confermare
871,polizia
872,lira
873,indicazione
874,energia
875,candidato
876,adesso
877,operatore
878,S.
879,santo
880,competente
881,procedere
882,contrario
883,recare
884,dimensione
885,difficoltà
886,pensiero
887,mantenere
888,organo
889,fonte
890,caro
891,conseguenza
892,parlamento
893,significare
894,pubblicazione
895,specie
896,considerazione
897,origine
898,web
899,aspettare
900,assistenza
901,ricorso
902,provvedere
903,mostrare
904,principio
905,sentenza
906,manifestazione
907,componente
908,Giovanni
909,sindaco
910,coloro
911,comporre
912,Internet
913,personaggio
914,differenza
915,reale
916,costituzionale
917,Torino
918,davanti
919,protezione
920,successo
921,colore
922,legge|leggio
923,unito
924,giocare
925,prestazione
926,comunicare
927,accettare
928,seduta
929,condurre
930,allegato
931,positivo
932,iscrivere
933,vigore
934,definizione
935,comportare
936,sviluppare
937,malattia
938,commercio
939,procedimento
940,direttiva
941,territoriale
942,De
943,limitare
944,foto
945,sera
946,durata
947,costruzione
948,inglese
949,giungere
950,operativo
951,fenomeno
952,pratica
953,n
954,normativa
955,ampio
956,orario
957,riguardo
958,nota
959,teatro
960,The
961,valutare
962,aumentare
963,piuttosto
964,inferiore
965,nonostante
966,profilo
967,aiuto
968,verità
969,recente
970,ipotesi
971,metodo
972,incontrare
973,autorizzazione
974,commerciale
975,didattico
976,parco
977,sostegno
978,interessare
979,squadra
980,figura
981,domenica
982,comunitario
983,complessivo
984,miliardo
985,nero
986,campagna
987,formativo
988,simile
989,giro
990,requisito
991,poiché
992,ammettere
993,anzi
994,dottore
995,avanti
996,macchina
997,convenzione
998,assemblea
999,formare
1000,capitale
1001,visita
1002,testa
1003,pagamento
1004,crescere
1005,maniera
1006,magari
1007,crescita
1008,finanziamento
1009,compiere
1010,versione
1011,C.
1012,sicuro
1013,attivo
1014,opportunità
1015,dell
1016,introdurre
1017,lontano
1018,Maria
1019,gestire
1020,metro
1021,bianco
1022,porta
1023,aumento
1024,arma
1025,vendita
1026,lista
1027,universitario
1028,favorire
1029,straordinario
1030,aperto
1031,interessante
1032,utilizzo
1033,premio
1034,colpire
1035,principe|principio
1036,giunta
1037,scena
1038,dubbio
1039,Firenze
1040,on
1041,edizione
1042,modificazione
1043,crisi
1044,previsione
1045,fissare
1046,and
1047,sé
1048,industriale
1049,mila
1050,apposito
1051,giuridico
1052,dentro
1053,tramite
1054,rilevare
1055,L.
1056,attribuire
1057,signore
1058,indagine
1059,votare
1060,elezione
1061,Bologna
1062,memoria
1063,condividere
1064,comportamento
1065,rifiuto
1066,produttivo
1067,lettura
1068,ricco
1069,spirito
1070,`
1071,dipartimento
1072,riduzione
1073,succedere
1074,elettronico
1075,agenzia
1076,facile
1077,fila|file
1078,ecc
1079,187287
1080,187217
1081,186759
1082,186677
1083,186616
1084,186458
1085,185892
1086,185877
1087,185796
1088,185697
1089,185649
1090,185644
1091,185384
1092,185355
1093,185321
1094,184961
1095,184760
1096,184697
1097,184534
1098,184310
1099,184225
1100,183926
1101,183882
1102,183770
1103,183731
1104,183467
1105,183022
1106,182855
1107,182823
1108,182646
1109,182607
1110,181544
1111,181087
1112,180886
1113,180610
1114,180584
1115,180551
1116,180413
1117,180025
1118,179750
1119,179647
1120,179408
1121,179116
1122,178999
1123,178987
1124,178974
1125,178966
1126,178779
1127,178151
1128,177882
1129,177864
1130,177564
1131,177167
1132,177133
1133,177009
1134,176872
1135,!
1136,accompagnare
1137,destra
1138,eseguire
1139,proseguire
1140,aria
1141,religioso
1142,ciascun
1143,lì
1144,paura
1145,laboratorio
1146,preparare
1147,segno
1148,ordinario
1149,moderno
1150,volume
1151,legale
1152,adeguato
1153,errore
1154,investimento
1155,piazza
1156,molti
1157,sottoporre
1158,esercitare
1159,Francesco
1160,ovviamente
1161,dimenticare
1162,bis
1163,contatto
1164,avviare
1165,organismo
1166,imposta
1167,
1168,elenco
1169,questi
1170,fin
1171,proposito
1172,là
1173,insegnante
1174,piede
1175,escludere
1176,presto
1177,divenire
1178,originale
1179,segnalare
1180,penale
1181,iscrizione
1182,cinema
1183,collegare
1184,sportivo
1185,esecuzione
1186,documentazione
1187,distanza
1188,cristiano
1189,entrambi
1190,media
1191,proprietà
1192,concetto
1193,garanzia
1194,quotidiano
1195,significativo
1196,coordinamento
1197,m
1198,salvo
1199,discorso
1200,assoluto
1201,tecnica
1202,autorizzare
1203,disciplinare
1204,trasformare
1205,lato
1206,povero
1207,normale
1208,segretario
1209,reddito
1210,concreto
1211,­
1212,avviso
1213,opportuno
1214,accogliere
1215,tribunale
1216,presidenza
1217,assegnare
1218,caratterizzare
1219,finanza
1220,appartenere
1221,pm
1222,profondo
1223,Marco
1224,diffondere
1225,riconoscimento
1226,D'
1227,mandare
1228,purtroppo
1229,uccidere
1230,affare
1231,imporre
1232,importanza
1233,riprendere
1234,emergere
1235,computer
1236,intorno
1237,consumatore
1238,acquisto
1239,D
1240,laurea
1241,attesa
1242,insomma
1243,collettivo
1244,vicenda
1245,rosso
1246,cadere
1247,fuoco
1248,verde
1249,alimentare
1250,dibattito
1251,ingresso
1252,disco
1253,espressione
1254,istituzionale
1255,favorevole
1256,parlamentare
1257,appunto
1258,solito
1259,evidenziare
1260,costringere
1261,agricolo
1262,conflitto
1263,controllare
1264,mente
1265,stagione
1266,popolare
1267,probabilmente
1268,promozione
1269,volontà
1270,vino
1271,isola
1272,senatore
1273,capace
1274,ove
1275,notare
1276,assessore
1277,descrivere
1278,importo
1279,determinato
1280,mostra
1281,pena
1282,attualmente
1283,software
1284,esporre
1285,ritrovare
1286,evidente
1287,apertura
1288,permanente
1289,fede
1290,Carlo
1291,ministero
1292,citare
1293,migliorare
1294,sindacale
1295,nazione
1296,industria
1297,vendere
1298,fratello
1299,collega
1300,patrimonio
1301,@
1302,classico
1303,Giuseppe
1304,museo
1305,tradizionale
1306,cliente
1307,elettorale
1308,salvare
1309,Antonio
1310,contribuire
1311,musicale
1312,socio
1313,â
1314,guidare
1315,democrazia
1316,votazione
1317,--
1318,Francia
1319,copertura
1320,fiscale
1321,somma
1322,assenza
1323,forum
1324,istituire
1325,assolutamente
1326,tedesco
1327,appello
1328,raccolta
1329,strategia
1330,svolgimento
1331,trasferimento
1332,studiare
1333,artista
1334,insegnamento
1335,rilasciare
1336,copia
1337,senato
1338,vigente
1339,ripetere
1340,identità
1341,impiego
1342,regolare
1343,concerto
1344,riunione
1345,ragazza
1346,informatico
1347,definitivo
1348,statale
1349,prospettiva
1350,tentare
1351,disponibilità
1352,sogno
1353,particolarmente
1354,vittima
1355,aggiornamento
1356,occupazione
1357,auto
1358,salire
1359,preciso
1360,S
1361,ordinamento
1362,educazione
1363,individuale
1364,mangiare
1365,osservazione
1366,anima
1367,tel
1368,147874
1369,147770
1370,147531
1371,147519
1372,147427
1373,147365
1374,147314
1375,147261
1376,147188
1377,147154
1378,146934
1379,146792
1380,146721
1381,146692
1382,146617
1383,146510
1384,146246
1385,146200
1386,146177
1387,145876
1388,145768
1389,145593
1390,145455
1391,145444
1392,145378
1393,145304
1394,145277
1395,145157
1396,144945
1397,144829
1398,144755
1399,144510
1400,144416
1401,144356
1402,144143
1403,144092
1404,143914
1405,143896
1406,143874
1407,143845
1408,143782
1409,143705
1410,143635
1411,143458
1412,143368
1413,143102
1414,143085
1415,143046
1416,142688
1417,142657
1418,142500
1419,142346
1420,142319
1421,142276
1422,142191
1423,142033
1424,141880
1425,141756
1426,141532
1427,141312
1428,141250
1429,141004
1430,140828
1431,140775
1432,140747
1433,140741
1434,140673
1435,140666
1436,140446
1437,140433
1438,140347
1439,140112
1440,140032
1441,139609
1442,139573
1443,139366
1444,139230
1445,139160
1446,139110
1447,138938
1448,138846
1449,138842
1450,138696
1451,138674
1452,138661
1453,138637
1454,138477
1455,138455
1456,138399
1457,138329
1458,138284
1459,138185
1460,138184
1461,138131
1462,138095
1463,138033
1464,137820
1465,137777
1466,137552
1467,137549
1468,137235
1469,136949
1470,136909
1471,136791
1472,136644
1473,136555
1474,136258
1475,135839
1476,135720
1477,135369
1478,135252
1479,135246
1480,135081
1481,134907
1482,134807
1483,134787
1484,134721
1485,134604
1486,134504
1487,134352
1488,133862
1489,133802
1490,133740
1491,133373
1492,133366
1493,133334
1494,133283
1495,133230
1496,133053
1497,133049
1498,132952
1499,132875
1500,132847
1501,132772
1502,132453
1503,132412
1504,132354
1505,132276
1506,131871
1507,131804
1508,131553
1509,131018
1510,131009
1511,130900
1512,130884
1513,130868
1514,130777
1515,130747
1516,130685
1517,130433
1518,130373
1519,130304
1520,130254
1521,130219
1522,129979
1523,129976
1524,129908
1525,129899
1526,129852
1527,129798
1528,129625
1529,129438
1530,129168
1531,129031
1532,128993
1533,128642
1534,128573
1535,128363
1536,128300
1537,128163
1538,128051
1539,128043
1540,127835
1541,127825
1542,127723
1543,127683
1544,127548
1545,127522
1546,127338
1547,127135
1548,127105
1549,126730
1550,126639
1551,126634
1552,126615
1553,126596
1554,126495
1555,immediato
1556,conte|conto
1557,ricercatore
1558,finalizzare
1559,quantità
1560,A
1561,125849
1562,125512
1563,125492
1564,125485
1565,125412
1566,125309
1567,125223
1568,124793
1569,124743
1570,124682
1571,124480
1572,124441
1573,124168
1574,124168
1575,124052
1576,123980
1577,123958
1578,123928
1579,123829
1580,123712
1581,123536
1582,123476
1583,123461
1584,123449
1585,123349
1586,123306
1587,123274
1588,123090
1589,122969
1590,122743
1591,122667
1592,122558
1593,122544
1594,122480
1595,122429
1596,122429
1597,122403
1598,122387
1599,122304
1600,122173
1601,122122
1602,121975
1603,121896
1604,121799
1605,121660
1606,121499
1607,121380
1608,121364
1609,121243
1610,121053
1611,121001
1612,120894
1613,120881
1614,120632
1615,120600
1616,120549
1617,120465
1618,120387
1619,120222
1620,120028
1621,119953
1622,119934
1623,119911
1624,119823
1625,119816
1626,119771
1627,119598
1628,119329
1629,119285
1630,119281
1631,119029
1632,118935
1633,118630
1634,118540
1635,118535
1636,118516
1637,118051
1638,118050
1639,117964
1640,117960
1641,117946
1642,117894
1643,117893
1644,117844
1645,117804
1646,117608
1647,117547
1648,117449
1649,117107
1650,117070
1651,117027
1652,116919
1653,116863
1654,116648
1655,116151
1656,116013
1657,115932
1658,115902
1659,115642
1660,115597
1661,115585
1662,115545
1663,115450
1664,115395
1665,115388
1666,115295
1667,115272
1668,115268
1669,115150
1670,115028
1671,114975
1672,114954
1673,114823
1674,114818
1675,114749
1676,114644
1677,114589
1678,114548
1679,114536
1680,114506
1681,114502
1682,114499
1683,114209
1684,114190
1685,114008
1686,113951
1687,113895
1688,113875
1689,113771
1690,113654
1691,113568
1692,113486
1693,113473
1694,113473
1695,113408
1696,113394
1697,113382
1698,113290
1699,113044
1700,113038
1701,112961
1702,112926
1703,112911
1704,112819
1705,112686
1706,112668
1707,112600
1708,112483
1709,112475
1710,112325
1711,112120
1712,112053
1713,111988
1714,111939
1715,111808
1716,111782
1717,111718
1718,111616
1719,111395
1720,111373
1721,111180
1722,111180
1723,111117
1724,110879
1725,110860
1726,110809
1727,110750
1728,110730
1729,110678
1730,110622
1731,110622
1732,110564
1733,110526
1734,110473
1735,110462
1736,110454
1737,110427
1738,110350
1739,110236
1740,110222
1741,110208
1742,110202
1743,110143
1744,110128
1745,110056
1746,109851
1747,109685
1748,109675
1749,109578
1750,109492
1751,109445
1752,109319
1753,109305
1754,109172
1755,109139
1756,108840
1757,108458
1758,108238
1759,108203
1760,108179
1761,108146
1762,108065
1763,108052
1764,107959
1765,107715
1766,107656
1767,107523
1768,107436
1769,107429
1770,107214
1771,107206
1772,106912
1773,106904
1774,106848
1775,106661
1776,106471
1777,106408
1778,106331
1779,106320
1780,106194
1781,106173
1782,105991
1783,105971
1784,105928
1785,105809
1786,105757
1787,105733
1788,105621
1789,105591
1790,105150
1791,105102
1792,105063
1793,104908
1794,104852
1795,104666
1796,104282
1797,104220
1798,103906
1799,103890
1800,103888
1801,103830
1802,103818
1803,103794
1804,103752
1805,103735
1806,103730
1807,103717
1808,103709
1809,103688
1810,103598
1811,103534
1812,103498
1813,103434
1814,103320
1815,103196
1816,103150
1817,103041
1818,102997
1819,102761
1820,102746
1821,102724
1822,102717
1823,102709
1824,102360
1825,102355
1826,102309
1827,102229
1828,102181
1829,102167
1830,102165
1831,102130
1832,102124
1833,102042
1834,102037
1835,101973
1836,101863
1837,101848
1838,101813
1839,101710
1840,101669
1841,101522
1842,101496
1843,101457
1844,101260
1845,101254
1846,101194
1847,101134
1848,101118
1849,100974
1850,100953
1851,100936
1852,100922
1853,100784
1854,100774
1855,100672
1856,100601
1857,100487
1858,100482
1859,100445
1860,100432
1861,100258
1862,100126
1863,100079
1864,100069
1865,100055
1866,99979
1867,99898
1868,99854
1869,99846
1870,99836
1871,99819
1872,99733
1873,99676
1874,99624
1875,99623
1876,99587
1877,99521
1878,99500
1879,99473
1880,99422
1881,99362
1882,99237
1883,99123
1884,99111
1885,99083
1886,99074
1887,99060
1888,99030
1889,99008
1890,98947
1891,98878
1892,98878
1893,98831
1894,98782
1895,98764
1896,98675
1897,98622
1898,98591
1899,98536
1900,98411
1901,98344
1902,98262
1903,98184
1904,98104
1905,98065
1906,97992
1907,97986
1908,97919
1909,97798
1910,97761
1911,97742
1912,97711
1913,97678
1914,97652
1915,97506
1916,97501
1917,97497
1918,97413
1919,97332
1920,97218
1921,97005
1922,97001
1923,96883
1924,96880
1925,96853
1926,96708
1927,96431
1928,96381
1929,96353
1930,96246
1931,96241
1932,96236
1933,96188
1934,96188
1935,96176
1936,95996
1937,95963
1938,95830
1939,95799
1940,95776
1941,95628
1942,95547
1943,95526
1944,95513
1945,95470
1946,95432
1947,95396
1948,95394
1949,95336
1950,95213
1951,95069
1952,95069
1953,95003
1954,94814
1955,94812
1956,94811
1957,94809
1958,94583
1959,94570
1960,94568
1961,94479
1962,94462
1963,94422
1964,94343
1965,94286
1966,94270
1967,94129
1968,94097
1969,94095
1970,94029
1971,94010
1972,93976
1973,93964
1974,93879
1975,93875
1976,93852
1977,93840
1978,93685
1979,93682
1980,93571
1981,93557
1982,93420
1983,93405
1984,93353
1985,93309
1986,93235
1987,93179
1988,93049
1989,93047
1990,92997
1991,92925
1992,92800
1993,92676
1994,92631
1995,92622
1996,92567
1997,92548
1998,92439
1999,92348
2000,92325
2001,92280
2002,92274
2003,92156
2004,92108
2005,92060
2006,91987
2007,91943
2008,91808
2009,91567
2010,91544
2011,91541
2012,91489
2013,91481
2014,91473
2015,91412
2016,91376
2017,91296
2018,91237
2019,91237
2020,91046
2021,91001
2022,90999
2023,90988
2024,90881
2025,90792
2026,90742
2027,90672
2028,90651
2029,90355
2030,90343
2031,90287
2032,90257
2033,90242
2034,90168
2035,90107
2036,90044
2037,90037
2038,90034
2039,89992
2040,89834
2041,89831
2042,89809
2043,89669
2044,89653
2045,89607
2046,89568
2047,89514
2048,89463
2049,89426
2050,89335
2051,89327
2052,89241
2053,89217
2054,89152
2055,89121
2056,89117
2057,89070
2058,89025
2059,89011
2060,88933
2061,88900
2062,88895
2063,88889
2064,88789
2065,88776
2066,88767
2067,88719
2068,88712
2069,88701
2070,88576
2071,88533
2072,88517
2073,88424
2074,88411
2075,88313
2076,88302
2077,88225
2078,88201
2079,88156
2080,88148
2081,88126
2082,88021
2083,87983
2084,87877
2085,87778
2086,87686
2087,87510
2088,87430
2089,87428
2090,87373
2091,87199
2092,87056
2093,86899
2094,86772
2095,86677
2096,86580
2097,86546
2098,86502
2099,86395
2100,86289
2101,86095
2102,86085
2103,86031
2104,86022
2105,85826
2106,85774
2107,85734
2108,85655
2109,85632
2110,85605
2111,85523
2112,85411
2113,85393
2114,85377
2115,85284
2116,85190
2117,85130
2118,84951
2119,84907
2120,84905
2121,84837
2122,84791
2123,84710
2124,84652
2125,84651
2126,84607
2127,84584
2128,84574
2129,84556
2130,84259
2131,84188
2132,84182
2133,84149
2134,84135
2135,84089
2136,83992
2137,83987
2138,83976
2139,83963
2140,83954
2141,83943
2142,83897
2143,83857
2144,83849
2145,83728
2146,83703
2147,83641
2148,83559
2149,83484
2150,83449
2151,83438
2152,83424
2153,83412
2154,83345
2155,83264
2156,83228
2157,83200
2158,83082
2159,83003
2160,82976
2161,82916
2162,82879
2163,82824
2164,82820
2165,82750
2166,82674
2167,82649
2168,82619
2169,82597
2170,82543
2171,82515
2172,82431
2173,82269
2174,82244
2175,82150
2176,82098
2177,82018
2178,82006
2179,81988
2180,81897
2181,81864
2182,81790
2183,81789
2184,81693
2185,81675
2186,81402
2187,81316
2188,81145
2189,81076
2190,80944
2191,80928
2192,80914
2193,80839
2194,80698
2195,80620
2196,80565
2197,80511
2198,80404
2199,80374
2200,80349
2201,80337
2202,80326
2203,80325
2204,80318
2205,80305
2206,80263
2207,80189
2208,80163
2209,80118
2210,80086
2211,80082
2212,80042
2213,79978
2214,79958
2215,79869
2216,79733
2217,79712
2218,79633
2219,79608
2220,79606
2221,79593
2222,79560
2223,79540
2224,79533
2225,79488
2226,79421
2227,79375
2228,79301
2229,79295
2230,79194
2231,79190
2232,79158
2233,79055
2234,78984
2235,78980
2236,78935
2237,78836
2238,78752
2239,78752
2240,78705
2241,78678
2242,78595
2243,78440
2244,78429
2245,78385
2246,78318
2247,78284
2248,78204
2249,78184
2250,78168
2251,78168
2252,78010
2253,78005
2254,78001
2255,77977
2256,77949
2257,77882
2258,77877
2259,77845
2260,77844
2261,77692
2262,77663
2263,77510
2264,77381
2265,77366
2266,77338
2267,77283
2268,77274
2269,77220
2270,77190
2271,77188
2272,77187
2273,77169
2274,77168
2275,77163
2276,77063
2277,77030
2278,76920
2279,76911
2280,!
2281,!
2282,temperatura
2283,traduzione
2284,approfondire
2285,cittadinanza
2286,sposare
2287,temere
2288,pregare
2289,delegare
2290,cancellare
2291,delegato
2292,arco
2293,sensazione
2294,sciopero
2295,dispositivo
2296,esclusivo
2297,infinito
2298,disagio
2299,ritmo
2300,concedere
2301,resistenza
2302,angolo
2303,priorità
2304,prescrizione
2305,chiaramente
2306,valorizzazione
2307,praticamente
2308,collaboratore
2309,diploma
2310,taglio
2311,conquistare
2312,divisione
2313,greco
2314,at
2315,coraggio
2316,formula
2317,incidere
2318,edilizio
2319,confrontare
2320,formale
2321,spendere
2322,percepire
2323,delega
2324,D.
2325,N
2326,appartenenza
2327,assieme
2328,licenza
2329,polo
2330,banda
2331,decennio
2332,sollevare
2333,adempimento
2334,ristorante
2335,legno
2336,volontariato
2337,radice
2338,gesto
2339,retribuzione
2340,terapia
2341,persino
2342,indicato
2343,rafforzare
2344,risparmio
2345,marito
2346,lega
2347,Anna
2348,dormire
2349,calendario
2350,letterario
2351,fornitura
2352,ponte
2353,sfruttare
2354,consapevolezza
2355,dignità
2356,Margherita
2357,vincitore
2358,redigere
2359,connessione
2360,dettare
2361,brutto
2362,gioia
2363,Piazza
2364,chilometro
2365,ottimo
2366,Alberto
2367,situare
2368,Veneto
2369,turno
2370,attrezzatura
2371,pronunciare
2372,volgere
2373,fortemente
2374,vescovo
2375,spirituale
2376,protesta
2377,preoccupazione
2378,perseguire
2379,periodico
2380,continuità
2381,accorgere
2382,specificare
2383,apportare
2384,cellulare
2385,legame
2386,mandato
2387,cinese
2388,abitazione
2389,commettere
2390,certezza
2391,rimettere
2392,telefonico
2393,fresco
2394,originario
2395,comparire
2396,quinto
2397,saltare
2398,esattamente
2399,cooperativa
2400,cammino
2401,bordo
2402,signora
2403,variabile
2404,onore
2405,conversione
2406,fianco
2407,}
2408,Onu
2409,Terra
2410,erogazione
2411,r
2412,radio
2413,tranquillo
2414,mentale
2415,D.P.R
2416,70739
2417,70733
2418,70730
2419,70722
2420,70670
2421,70637
2422,70636
2423,70634
2424,70572
2425,70512
2426,70434
2427,70427
2428,70408
2429,?
2430,70361
2431,70337
2432,70318
2433,70300
2434,70244
2435,70200
2436,70194
2437,70122
2438,70079
2439,69977
2440,69946
2441,69918
2442,69773
2443,69745
2444,69736
2445,69572
2446,69561
2447,69546
2448,69544
2449,69536
2450,69528
2451,69514
2452,69493
2453,69473
2454,69380
2455,69318
2456,69306
2457,69298
2458,69293
2459,69252
2460,69233
2461,69229
2462,69157
2463,69153
2464,69127
2465,69073
2466,69033
2467,69027
2468,69025
2469,68919
2470,68801
2471,68771
2472,68769
2473,68761
2474,68758
2475,68646
2476,68643
2477,68613
2478,68612
2479,68606
2480,68504
2481,68485
2482,68478
2483,68313
2484,68304
2485,68295
2486,68275
2487,68214
2488,68203
2489,68189
2490,?
2491,corretto
2492,attentato
2493,promettere
2494,consapevole
2495,paesaggio
2496,fatica
2497,ricostruzione
2498,ditta
2499,protetto
2500,valorizzare
2501,cfr
2502,67719
2503,67715
2504,67714
2505,67705
2506,67683
2507,67588
2508,67537
2509,67486
2510,67454
2511,67447
2512,67407
2513,67403
2514,67386
2515,67351
2516,67336
2517,67248
2518,67216
2519,66996
2520,66980
2521,66973
2522,66966
2523,66955
2524,66944
2525,66943
2526,66921
2527,66900
2528,66891
2529,66860
2530,66851
2531,66814
2532,66750
2533,66675
2534,66635
2535,66574
2536,66562
2537,66517
2538,66481
2539,66448
2540,66435
2541,66355
2542,66355
2543,66284
2544,66282
2545,66279
2546,66243
2547,66224
2548,66200
2549,66040
2550,65908
2551,65858
2552,65817
2553,65789
2554,65758
2555,65754
2556,65645
2557,65644
2558,65613
2559,65608
2560,65562
2561,65490
2562,65483
2563,65431
2564,65392
2565,65358
2566,65356
2567,65356
2568,65342
2569,65319
2570,65309
2571,65281
2572,65279
2573,65240
2574,65237
2575,65210
2576,65180
2577,65168
2578,65071
2579,65029
2580,64813
2581,64813
2582,64771
2583,64731
2584,64650
2585,64598
2586,64497
2587,64445
2588,64393
2589,64387
2590,64369
2591,64355
2592,64335
2593,64300
2594,64290
2595,64276
2596,64240
2597,64171
2598,64133
2599,64128
2600,64025
2601,63997
2602,63997
2603,63984
2604,63901
2605,63831
2606,63817
2607,63780
2608,63763
2609,63699
2610,63699
2611,63676
2612,63664
2613,63641
2614,63539
2615,63525
2616,63476
2617,63463
2618,63440
2619,63430
2620,63339
2621,63293
2622,63206
2623,63174
2624,63169
2625,63067
2626,63062
2627,63047
2628,63039
2629,62987
2630,62936
2631,62936
2632,62850
2633,62766
2634,62709
2635,62705
2636,62701
2637,62687
2638,62681
2639,62677
2640,62677
2641,62672
2642,62622
2643,62480
2644,62447
2645,62387
2646,62219
2647,62139
2648,62069
2649,62033
2650,61981
2651,61861
2652,61861
2653,61838
2654,61831
2655,61729
2656,61703
2657,61649
2658,61592
2659,61526
2660,61479
2661,61417
2662,61382
2663,61351
2664,61313
2665,61284
2666,61247
2667,61185
2668,61161
2669,61156
2670,61103
2671,60953
2672,60907
2673,60889
2674,60694
2675,60595
2676,60595
2677,60541
2678,60538
2679,60522
2680,60503
2681,60502
2682,60501
2683,60484
2684,60477
2685,60458
2686,60446
2687,60392
2688,60312
2689,60268
2690,60237
2691,60224
2692,60211
2693,60197
2694,60195
2695,60161
2696,60113
2697,60024
2698,60023
2699,59986
2700,59970
2701,59936
2702,59869
2703,59838
2704,59835
2705,59807
2706,59772
2707,59755
2708,59754
2709,59726
2710,59696
2711,59678
2712,59657
2713,59618
2714,59598
2715,59593
2716,59581
2717,59550
2718,59496
2719,59495
2720,59404
2721,59400
2722,59381
2723,59324
2724,59150
2725,59148
2726,59089
2727,59085
2728,59060
2729,59024
2730,59017
2731,58995
2732,58986
2733,58982
2734,58968
2735,58964
2736,58849
2737,58825
2738,58820
2739,58797
2740,58744
2741,58681
2742,58655
2743,58638
2744,58604
2745,58558
2746,58442
2747,58383
2748,58336
2749,58296
2750,58277
2751,58266
2752,58250
2753,58244
2754,58241
2755,58233
2756,58226
2757,58226
2758,58136
2759,58120
2760,58117
2761,58073
2762,58065
2763,58057
2764,58055
2765,58016
2766,57912
2767,57862
2768,57855
2769,57850
2770,57814
2771,57790
2772,57789
2773,57761
2774,57724
2775,57722
2776,57653
2777,57647
2778,57624
2779,57624
2780,57613
2781,57588
2782,57576
2783,57500
2784,57491
2785,57481
2786,57430
2787,57405
2788,57393
2789,57375
2790,57360
2791,57342
2792,57307
2793,57281
2794,57260
2795,57229
2796,57226
2797,57217
2798,57146
2799,57123
2800,57118
2801,57025
2802,57009
2803,56987
2804,56980
2805,56967
2806,56956
2807,56886
2808,56802
2809,56793
2810,56779
2811,56771
2812,56732
2813,56715
2814,56712
2815,56704
2816,56700
2817,56683
2818,56600
2819,56596
2820,56588
2821,56560
2822,56528
2823,56498
2824,56480
2825,56454
2826,56435
2827,56415
2828,56402
2829,56395
2830,56369
2831,56227
2832,56204
2833,56196
2834,56182
2835,56169
2836,56131
2837,56101
2838,56098
2839,56077
2840,56031
2841,56004
2842,55914
2843,55908
2844,55906
2845,55889
2846,55887
2847,55879
2848,55877
2849,55848
2850,55843
2851,55841
2852,55841
2853,55829
2854,55787
2855,55753
2856,55749
2857,55652
2858,55635
2859,55622
2860,55588
2861,55581
2862,55521
2863,55471
2864,55416
2865,55396
2866,55335
2867,55318
2868,55310
2869,55293
2870,55283
2871,55255
2872,55243
2873,55228
2874,55225
2875,55218
2876,55186
2877,55183
2878,55127
2879,55109
2880,55089
2881,55078
2882,55022
2883,55005
2884,54959
2885,54953
2886,54949
2887,54937
2888,54896
2889,54883
2890,54877
2891,54854
2892,54853
2893,54823
2894,54810
2895,54786
2896,54764
2897,54761
2898,54713
2899,.
2900,dottrina
2901,orientale
2902,allargare
2903,ricostruire
2904,caduta
2905,richiedente
2906,distretto
2907,testimoniare
2908,Azienda
2909,decisivo
2910,truppa
2911,rock
2912,presiedere
2913,espressamente
2914,potenzialità
2915,Villa
2916,piattaforma
2917,governativo
2918,Reggio
2919,sessione
2920,deroga
2921,sensibilità
2922,ritiro
2923,statistico
2924,ingegnere
2925,pioggia
2926,difensore
2927,contrastare
2928,geografico
2929,frequente
2930,atletico
2931,quindici
2932,Mar
2933,lago
2934,attivazione
2935,Campania
2936,laico
2937,consumare
2938,reparto
2939,dodici
2940,cm
2941,cronaca
2942,appartamento
2943,pacchetto
2944,compatibile
2945,collezione
2946,sessanta
2947,est
2948,trattativa
2949,scienziato
2950,costume
2951,parete
2952,mappa
2953,sparare
2954,Bruno
2955,elettore
2956,fuggire
2957,accessorio
2958,elencare
2959,rivedere
2960,spettatore
2961,Russia
2962,sollecitare
2963,benissimo
2964,team
2965,abuso
2966,razza
2967,es
2968,52883
2969,52759
2970,52714
2971,52674
2972,52618
2973,52618
2974,52600
2975,52583
2976,52566
2977,52564
2978,52557
2979,52549
2980,52542
2981,52535
2982,52513
2983,52507
2984,52500
2985,52498
2986,52475
2987,52474
2988,52467
2989,52406
2990,52370
2991,52334
2992,52331
2993,52322
2994,52321
2995,52310
2996,52295
2997,52280
2998,52277
2999,52246
3000,52232
3001,52210
3002,52153
3003,52095
3004,52057
3005,52039
3006,52013
3007,52013
3008,51999
3009,51981
3010,51939
3011,51933
3012,51921
3013,51915
3014,51884
3015,51882
3016,51847
3017,51829
3018,51826
3019,51824
3020,51819
3021,51801
3022,51779
3023,51734
3024,51693
3025,51688
3026,51672
3027,51634
3028,51579
3029,51520
3030,51481
3031,51444
3032,51424
3033,51383
3034,51364
3035,51348
3036,51342
3037,51339
3038,51257
3039,51254
3040,51243
3041,51233
3042,51231
3043,51185
3044,51178
3045,51143
3046,51142
3047,51134
3048,51115
3049,51068
3050,51019
3051,51015
3052,51010
3053,50987
3054,50928
3055,50925
3056,50912
3057,50900
3058,50795
3059,50790
3060,50756
3061,50718
3062,50691
3063,50689
3064,50658
3065,50636
3066,50597
3067,50595
3068,50501
3069,50482
3070,50455
3071,50433
3072,50430
3073,50412
3074,50411
3075,50404
3076,50355
3077,50333
3078,50333
3079,50286
3080,50281
3081,50262
3082,50261
3083,50193
3084,50184
3085,50142
3086,50133
3087,50126
3088,50068
3089,50067
3090,50060
3091,50048
3092,50018
3093,50008
3094,49987
3095,49974
3096,49953
3097,49952
3098,49877
3099,49862
3100,49847
3101,49840
3102,49678
3103,49662
3104,49658
3105,49642
3106,49592
3107,49588
3108,49578
3109,49565
3110,49534
3111,49509
3112,49463
3113,49453
3114,49443
3115,49439
3116,49347
3117,49290
3118,49246
3119,49221
3120,49157
3121,49133
3122,49122
3123,49090
3124,49046
3125,49025
3126,48996
3127,48981
3128,48970
3129,48969
3130,48924
3131,48893
3132,48885
3133,48876
3134,48874
3135,48868
3136,48848
3137,48839
3138,48697
3139,48669
3140,48645
3141,48636
3142,48625
3143,48616
3144,48615
3145,48592
3146,48580
3147,48565
3148,48563
3149,48553
3150,48547
3151,48540
3152,48525
3153,48518
3154,48500
3155,48499
3156,48460
3157,48421
3158,.
3159,artificiale
3160,comandante
3161,magico
3162,pescare
3163,TV
3164,annuncio
3165,terapeutico
3166,alleato
3167,telecomunicazione
3168,scadere
3169,inverno
3170,britannico
3171,regno
3172,abituare
3173,email
3174,implicare
3175,secco
3176,strage
3177,leva
3178,barriera
3179,alleanza
3180,riprodurre
3181,scattare
3182,deserto
3183,dellâ
3184,domestico
3185,odierno
3186,usufruire
3187,turista
3188,resistere
3189,procuratore
3190,complessivamente
3191,infortunio
3192,discriminazione
3193,©
3194,materno
3195,indicatore
3196,transitorio
3197,cieco
3198,parente
3199,virus
3200,mutuo
3201,Cesare
3202,sesto
3203,record
3204,fantastico
3205,torre
3206,delegazione
3207,assicurativo
3208,abrogare
3209,Bergamo
3210,marchio
3211,ruota
3212,itinerario
3213,dispiacere
3214,variante
3215,tributario
3216,sottile
3217,sacco
3218,interazione
3219,intitolare
3220,realmente
3221,fumo
3222,Trieste
3223,ansa
3224,liberazione
3225,panorama
3226,stringere
3227,accessibile
3228,fattispecie
3229,Silvio
3230,contraddizione
3231,Bolzano
3232,coppa
3233,asta
3234,meccanico
3235,manovra
3236,dimostrazione
3237,generalmente
3238,trasportare
3239,separazione
3240,spedire
3241,maschile
3242,suddividere
3243,socialista
3244,viso
3245,probabile
3246,busta
3247,y
3248,lavorazione
3249,oggettivo
3250,musicista
3251,sacerdote
3252,Rossi
3253,esplicito
3254,articolato
3255,contento
3256,scambiare
3257,avvalersi
3258,abitudine
3259,diversamente
3260,anello
3261,assurdo
3262,filosofico
3263,Ferrara
3264,curriculum
3265,illecito
3266,polvere
3267,autostrada
3268,rimuovere
3269,artigiano
3270,ricercare
3271,architettonico
3272,controversia
3273,ovvio
3274,animazione
3275,ª
3276,funzionalità
3277,indossare
3278,cinquanta
3279,riproduzione
3280,stanco
3281,Giappone
3282,Nicola
3283,animare
3284,incendio
3285,continente
3286,competizione
3287,quantitativo
3288,orizzonte
3289,risarcimento
3290,anzianità
3291,ds
3292,condotta
3293,fornitore
3294,oh
3295,sosta
3296,ala
3297,contestare
3298,Italiano
3299,Marina
3300,consulente
3301,manager
3302,visivo
3303,CEST
3304,replicare
3305,strumentale
3306,banco
3307,mozione
3308,paragrafo
3309,alimento
3310,ennesimo
3311,patente
3312,umanitario
3313,triennale
3314,normalmente
3315,archeologico
3316,oscuro
3317,libreria
3318,simpatico
3319,recitare
3320,sciogliere
3321,ter
3322,variare
3323,istante
3324,vestire
3325,salto
3326,denominazione
3327,villa
3328,influenzare
3329,prefetto
3330,indipendenza
3331,criminale
3332,consolidare
3333,tetto
3334,idrico
3335,:
3336,44628
3337,44626
3338,44622
3339,44618
3340,44606
3341,44581
3342,44529
3343,44528
3344,44514
3345,44513
3346,44501
3347,44495
3348,44474
3349,44443
3350,44410
3351,44379
3352,44374
3353,44356
3354,44353
3355,44339
3356,44296
3357,44294
3358,44293
3359,44289
3360,44259
3361,44251
3362,44249
3363,44232
3364,44222
3365,44209
3366,44192
3367,44178
3368,44159
3369,44151
3370,44139
3371,44120
3372,44114
3373,44089
3374,44040
3375,44008
3376,43995
3377,43994
3378,43990
3379,43989
3380,43944
3381,43915
3382,43880
3383,43850
3384,43849
3385,43807
3386,43783
3387,43767
3388,43762
3389,43759
3390,43754
3391,43723
3392,43709
3393,43707
3394,43670
3395,43668
3396,43658
3397,43644
3398,43634
3399,43584
3400,43557
3401,43555
3402,43542
3403,43463
3404,43455
3405,43453
3406,43427
3407,43426
3408,43342
3409,43315
3410,43313
3411,43296
3412,43268
3413,43264
3414,43246
3415,43241
3416,43174
3417,43173
3418,43152
3419,43142
3420,43133
3421,43105
3422,43089
3423,43048
3424,43017
3425,43014
3426,42996
3427,42983
3428,42961
3429,42927
3430,42923
3431,42864
3432,42832
3433,42822
3434,42817
3435,42811
3436,42809
3437,42779
3438,42766
3439,42765
3440,42764
3441,42681
3442,42674
3443,42669
3444,42628
3445,42607
3446,42604
3447,42591
3448,42540
3449,42537
3450,42537
3451,42513
3452,42507
3453,42479
3454,42473
3455,42434
3456,42418
3457,42404
3458,42380
3459,42363
3460,42350
3461,42321
3462,42304
3463,42303
3464,42289
3465,42266
3466,42250
3467,42237
3468,42206
3469,42170
3470,42161
3471,42139
3472,42115
3473,42101
3474,42070
3475,42056
3476,42037
3477,42023
3478,42017
3479,41999
3480,41995
3481,41990
3482,41988
3483,41982
3484,41956
3485,41954
3486,41951
3487,41937
3488,41901
3489,41894
3490,41824
3491,41751
3492,41744
3493,41733
3494,41689
3495,41682
3496,41676
3497,41657
3498,41651
3499,41647
3500,41635
3501,41610
3502,41593
3503,41593
3504,41592
3505,41572
3506,41560
3507,41556
3508,41550
3509,41544
3510,41515
3511,41514
3512,41502
3513,41479
3514,41469
3515,41468
3516,41468
3517,41433
3518,41404
3519,41403
3520,41380
3521,41376
3522,41366
3523,41336
3524,41327
3525,41321
3526,41294
3527,41257
3528,41252
3529,41221
3530,41203
3531,41196
3532,41160
3533,41141
3534,41120
3535,41115
3536,41069
3537,41017
3538,40956
3539,40951
3540,40948
3541,40942
3542,40935
3543,40927
3544,40916
3545,40914
3546,40904
3547,40891
3548,40885
3549,40867
3550,40814
3551,40756
3552,40719
3553,40711
3554,40678
3555,40663
3556,40646
3557,40630
3558,40589
3559,40582
3560,40577
3561,40563
3562,40559
3563,40554
3564,40519
3565,40501
3566,40485
3567,40484
3568,40472
3569,40457
3570,40456
3571,40444
3572,40404
3573,40386
3574,40374
3575,40364
3576,40343
3577,40324
3578,40323
3579,40289
3580,40283
3581,40256
3582,40212
3583,40194
3584,40175
3585,40164
3586,40141
3587,40075
3588,40060
3589,40060
3590,40045
3591,40015
3592,39938
3593,39936
3594,39909
3595,39891
3596,39873
3597,39873
3598,39851
3599,39836
3600,39833
3601,39828
3602,39820
3603,39817
3604,39812
3605,39802
3606,39800
3607,39779
3608,39772
3609,39762
3610,39678
3611,.
3612,dimissione
3613,diminuzione
3614,valle
3615,rifare
3616,eliminazione
3617,felicità
3618,notificare
3619,vivente
3620,dirigenziale
3621,scontato
3622,restauro
3623,you
3624,pellicola
3625,imputato
3626,inizialmente
3627,soffermare
3628,contributivo
3629,prospettare
3630,fondatore
3631,confusione
3632,calo
3633,avvalere
3634,lancio
3635,censura
3636,talento
3637,Madonna
3638,patrimoniale
3639,frazione
3640,ampliamento
3641,sopravvivere
3642,diagnosi
3643,abbandono
3644,kg
3645,talmente
3646,misterioso
3647,design
3648,prioritario
3649,vantare
3650,rivestire
3651,***
3652,luminoso
3653,vicepresidente
3654,specchio
3655,George
3656,pulizia
3657,catturare
3658,Thread
3659,trattenere
3660,molteplice
3661,Ordine
3662,grasso
3663,riflesso
3664,pulito
3665,stampare
3666,lesione
3667,impiegato
3668,DS-U
3669,salvezza
3670,ecologico
3671,gestionale
3672,Simone
3673,collina
3674,candidatura
3675,mm
3676,semplificazione
3677,sparire
3678,esportazione
3679,Guido
3680,esibire
3681,incentivare
3682,liberamente
3683,espansione
3684,Posts
3685,omogeneo
3686,Giulia
3687,conquista
3688,competere
3689,profitto
3690,estraneo
3691,sfruttamento
3692,sintomo
3693,Inps
3694,intensità
3695,rientro
3696,spinta
3697,trascinare
3698,gravidanza
3699,spada
3700,--
3701,38320
3702,38316
3703,38297
3704,38295
3705,38285
3706,38269
3707,38256
3708,38254
3709,38246
3710,38240
3711,38231
3712,38218
3713,38189
3714,38185
3715,38177
3716,38159
3717,38147
3718,38140
3719,38139
3720,38113
3721,38108
3722,38105
3723,38060
3724,38023
3725,38017
3726,37998
3727,37997
3728,37985
3729,37967
3730,37906
3731,37875
3732,37862
3733,37834
3734,37796
3735,37754
3736,37741
3737,37740
3738,37736
3739,37724
3740,37723
3741,37704
3742,37699
3743,37693
3744,37685
3745,37671
3746,37651
3747,37648
3748,37610
3749,37609
3750,37592
3751,37581
3752,37579
3753,37572
3754,37555
3755,37542
3756,37530
3757,37521
3758,37511
3759,37505
3760,37482
3761,37476
3762,37474
3763,37456
3764,37441
3765,37436
3766,37427
3767,37414
3768,37412
3769,37409
3770,37407
3771,37373
3772,37343
3773,37340
3774,37330
3775,37326
3776,37282
3777,37251
3778,37242
3779,37235
3780,37223
3781,37222
3782,37219
3783,37215
3784,37207
3785,37186
3786,37185
3787,37166
3788,37141
3789,37140
3790,37079
3791,37072
3792,37061
3793,37053
3794,37049
3795,37038
3796,37013
3797,36989
3798,36966
3799,36961
3800,36957
3801,36956
3802,36886
3803,36884
3804,36873
3805,36849
3806,36837
3807,36824
3808,36819
3809,36806
3810,36774
3811,36737
3812,36706
3813,36681
3814,36603
3815,36601
3816,36601
3817,36586
3818,36580
3819,36580
3820,36559
3821,36529
3822,36495
3823,36484
3824,36473
3825,36469
3826,36465
3827,36461
3828,36442
3829,36438
3830,36431
3831,36427
3832,36425
3833,36422
3834,36408
3835,36404
3836,36398
3837,36395
3838,36388
3839,36381
3840,36365
3841,36362
3842,36358
3843,36351
3844,36332
3845,36330
3846,36309
3847,36301
3848,36275
3849,36256
3850,36243
3851,36225
3852,36221
3853,36211
3854,36197
3855,36188
3856,36184
3857,36182
3858,36153
3859,36138
3860,36131
3861,36131
3862,36113
3863,36109
3864,36099
3865,36083
3866,36083
3867,36079
3868,36072
3869,36064
3870,36058
3871,36033
3872,36030
3873,36017
3874,36012
3875,35994
3876,35987
3877,35981
3878,35981
3879,35980
3880,35974
3881,35965
3882,35948
3883,35945
3884,35925
3885,35924
3886,35916
3887,35898
3888,35892
3889,35886
3890,35864
3891,35849
3892,35829
3893,35827
3894,35805
3895,35798
3896,35797
3897,35797
3898,35765
3899,35743
3900,35718
3901,35715
3902,.
3903,inteso
3904,attirare
3905,presidio
3906,Saddam
3907,grigio
3908,laureare
3909,vocazione
3910,filmato
3911,convivenza
3912,illuminare
3913,contempo
3914,viola
3915,Asia
3916,procurare
3917,network
3918,vigere
3919,sistemazione
3920,autunno
3921,quadrato
3922,stage
3923,po
3924,audio
3925,programmatico
3926,Max
3927,municipale
3928,abbracciare
3929,illegale
3930,rosa
3931,contestazione
3932,indiretto
3933,ufficialmente
3934,lentamente
3935,limitatamente
3936,occupazionale
3937,rivoluzionario
3938,regio
3939,abilitare
3940,uccello
3941,Francesca
3942,stupire
3943,approfittare
3944,altrui
3945,conduttore
3946,Istat
3947,accrescere
3948,multinazionale
3949,esplodere
3950,estetico
3951,leggermente
3952,Peter
3953,consiliare
3954,poliziotto
3955,PS
3956,ricevimento
3957,interfaccia
3958,millennio
3959,elegante
3960,notifica
3961,J
3962,35029
3963,35010
3964,34983
3965,34954
3966,34946
3967,34944
3968,34943
3969,34935
3970,34933
3971,34931
3972,34880
3973,34878
3974,34877
3975,34867
3976,34866
3977,-
3978,34861
3979,34791
3980,34760
3981,34758
3982,34742
3983,34737
3984,34735
3985,34684
3986,34682
3987,34673
3988,34669
3989,34652
3990,34641
3991,34636
3992,34609
3993,34607
3994,34603
3995,34594
3996,34592
3997,34579
3998,34561
3999,34555
4000,34535
4001,34533
4002,34512
4003,34505
4004,34495
4005,34477
4006,34437
4007,34436
4008,34430
4009,34424
4010,34419
4011,34405
4012,34405
4013,34402
4014,34400
4015,34399
4016,34381
4017,34357
4018,34338
4019,34334
4020,34292
4021,34282
4022,34271
4023,34263
4024,34239
4025,34228
4026,34224
4027,34222
4028,34211
4029,34203
4030,34181
4031,34150
4032,34134
4033,34129
4034,34104
4035,34077
4036,34065
4037,34050
4038,34037
4039,34036
4040,34020
4041,34017
4042,34010
4043,33970
4044,33967
4045,33959
4046,33954
4047,33944
4048,33895
4049,33880
4050,33841
4051,33836
4052,33802
4053,33783
4054,33779
4055,33733
4056,33703
4057,33695
4058,33670
4059,33668
4060,33666
4061,33594
4062,33583
4063,33576
4064,33568
4065,33548
4066,33547
4067,33525
4068,33521
4069,33501
4070,33490
4071,33477
4072,33442
4073,33428
4074,33420
4075,33410
4076,33393
4077,33392
4078,33382
4079,33371
4080,33367
4081,33364
4082,33361
4083,33357
4084,33325
4085,33321
4086,33281
4087,33243
4088,33239
4089,33239
4090,33211
4091,33210
4092,33209
4093,33209
4094,33194
4095,33189
4096,33184
4097,33180
4098,33144
4099,33138
4100,33136
4101,33105
4102,33103
4103,33094
4104,33081
4105,33077
4106,33075
4107,33067
4108,33048
4109,33045
4110,33042
4111,33035
4112,33027
4113,33021
4114,33018
4115,33009
4116,33006
4117,33004
4118,33003
4119,32985
4120,32984
4121,32965
4122,32947
4123,32931
4124,32880
4125,32868
4126,32862
4127,32862
4128,32861
4129,32852
4130,32839
4131,32833
4132,32826
4133,32821
4134,32808
4135,32804
4136,32780
4137,32768
4138,.
4139,orchestra
4140,semestre
4141,sovietico
4142,ricadere
4143,Afghanistan
4144,curva
4145,pensionistico
4146,Liguria
4147,Tar
4148,immissione
4149,lombardo
4150,alba
4151,birra
4152,collo
4153,acuto
4154,periferia
4155,zucchero
4156,ingrediente
4157,smaltimento
4158,tasca
4159,ricovero
4160,essenza
4161,conclusivo
4162,stimolo
4163,terrore
4164,interruzione
4165,festeggiare
4166,armonia
4167,dedurre
4168,par
4169,inquadrare
4170,ragionevole
4171,Vaticano
4172,versante
4173,attinente
4174,dipinto
4175,man
4176,estrarre
4177,bibliotecario
4178,roba
4179,principe
4180,satellite
4181,telefonata
4182,medicinale
4183,Paul
4184,rivisto
4185,amica
4186,ritratto
4187,**
4188,costruttivo
4189,perplessità
4190,consistenza
4191,dichiarato
4192,Radio
4193,acido
4194,mortale
4195,rifugiato
4196,fiamma
4197,cazzo
4198,staff
4199,osso
4200,sopravvivenza
4201,tasto
4202,CCNL
4203,Sapienza
4204,sardo
4205,byte
4206,incrociare
4207,medaglia
4208,m.
4209,Umbria
4210,coperto
4211,cerchio
4212,forno
4213,documentario
4214,sintetico
4215,maturità
4216,extra
4217,sabbia
4218,sostenitore
4219,alpino
4220,pop
4221,gigante
4222,capoluogo
4223,avvolgere
4224,eccellente
4225,degradare
4226,aggiornato
4227,Giancarlo
4228,px
4229,gloria
4230,new
4231,compimento
4232,disperato
4233,fascino
4234,urlare
4235,portavoce
4236,annualmente
4237,napoletano
4238,veneto
4239,acceso
4240,carro
4241,restituzione
4242,bicchiere
4243,Treviso
4244,nido
4245,rimedio
4246,odore
4247,bicicletta
4248,domiciliare
4249,allenare
4250,accontentare
4251,collettività
4252,conservatore
4253,salvaguardare
4254,sistemare
4255,pil
4256,equivalere
4257,fruizione
4258,consulta
4259,Robert
4260,rottura
4261,settimo
4262,nostra
4263,sorgente
4264,attuativo
4265,educare
4266,sottoscrizione
4267,Argentina
4268,dinanzi
4269,repertorio
4270,fusione
4271,adorare
4272,rigoroso
4273,autorevole
4274,telefonare
4275,litro
4276,conoscitivo
4277,cella
4278,seggio
4279,rifugio
4280,Salerno
4281,Gianfranco
4282,repubblicano
4283,nervoso
4284,innanzi
4285,apparecchiatura
4286,scaturire
4287,governatore
4288,el
4289,supporre
4290,unitamente
4291,lordo
4292,stasera
4293,sviluppato
4294,incapace
4295,porzione
4296,Alema
4297,importazione
4298,Fiorentina
4299,invenzione
4300,ultima
4301,libretto
4302,sincero
4303,All
4304,perso
4305,integrante
4306,terroristico
4307,affacciare
4308,perdonare
4309,oliva
4310,espletamento
4311,marca
4312,password
4313,omettere
4314,flessibile
4315,News
4316,marino
4317,tacere
4318,Rimini
4319,vent'
4320,medievale
4321,ugualmente
4322,istruttoria
4323,saio
4324,associativo
4325,osare
4326,orgoglio
4327,legalità
4328,instaurare
4329,impulso
4330,compatibilità
4331,compromesso
4332,sbagliato
4333,proiettare
4334,browser
4335,Castello
4336,cristianesimo
4337,intimo
4338,pressi
4339,s.r.l
4340,30498
4341,30490
4342,30480
4343,30473
4344,30469
4345,30464
4346,30452
4347,30418
4348,30397
4349,30369
4350,30369
4351,30369
4352,30343
4353,30337
4354,30334
4355,30331
4356,30325
4357,30317
4358,30304
4359,30288
4360,30275
4361,30255
4362,30245
4363,30244
4364,30240
4365,30239
4366,30238
4367,30220
4368,30211
4369,30208
4370,30198
4371,30195
4372,30190
4373,30188
4374,30180
4375,30176
4376,30168
4377,30168
4378,30161
4379,30148
4380,30136
4381,30118
4382,30104
4383,30100
4384,30097
4385,30089
4386,30071
4387,30069
4388,30061
4389,30046
4390,30039
4391,30033
4392,30004
4393,29969
4394,29965
4395,29940
4396,29906
4397,29889
4398,29887
4399,29876
4400,!
4401,!
4402,29875
4403,29863
4404,29859
4405,29856
4406,29849
4407,29836
4408,29798
4409,29797
4410,29794
4411,29785
4412,29762
4413,29761
4414,29721
4415,29703
4416,29677
4417,29669
4418,29647
4419,29641
4420,29639
4421,29635
4422,29621
4423,29602
4424,29598
4425,29596
4426,29596
4427,29592
4428,29573
4429,29573
4430,29568
4431,29547
4432,29519
4433,29513
4434,29510
4435,29509
4436,29474
4437,29431
4438,29407
4439,29398
4440,29393
4441,29391
4442,29390
4443,29390
4444,29381
4445,29379
4446,29366
4447,29366
4448,29351
4449,29349
4450,29333
4451,29315
4452,29314
4453,29306
4454,29302
4455,29299
4456,29296
4457,29282
4458,29273
4459,29263
4460,29236
4461,29231
4462,29229
4463,29225
4464,29225
4465,29218
4466,29209
4467,29206
4468,29200
4469,29196
4470,29177
4471,29176
4472,29175
4473,29164
4474,29160
4475,29158
4476,29125
4477,29114
4478,29109
4479,29077
4480,29062
4481,29057
4482,29045
4483,29042
4484,29032
4485,29029
4486,29020
4487,28981
4488,.
4489,prof
4490,combinazione
4491,unanimità
4492,subordinato
4493,James
4494,Cost
4495,custodia
4496,destro
4497,From
4498,cenno
4499,riva
4500,spuntare
4501,adattamento
4502,svelare
4503,Alleanza
4504,improvvisamente
4505,visibilità
4506,cognitivo
4507,Oscar
4508,ispirazione
4509,analitico
4510,cancro
4511,Cuba
4512,paragrafare
4513,repressione
4514,salone
4515,riabilitazione
4516,cronico
4517,infezione
4518,commerciante
4519,inferno
4520,casella
4521,acustico
4522,this
4523,annullamento
4524,successione
4525,esercitazione
4526,produttività
4527,accelerare
4528,Fassino
4529,gay
4530,proteina
4531,reclutamento
4532,coltivazione
4533,Teresa
4534,spettacolare
4535,pretesa
4536,avversare
4537,May
4538,Conti
4539,colazione
4540,Marcello
4541,abitativo
4542,copiare
4543,Inter
4544,cuocere
4545,fascicolo
4546,spot
4547,corteo
4548,schiavo
4549,orrore
4550,riso
4551,multa
4552,that
4553,propaganda
4554,pulsante
4555,Apr
4556,XII
4557,Garante
4558,hardware
4559,cacciare
4560,colorato
4561,benché
4562,selvaggio
4563,migrare
4564,stanziare
4565,osservanza
4566,gola
4567,emotivo
4568,with
4569,raccordo
4570,irregolare
4571,sceneggiatura
4572,Diego
4573,deficit
4574,interlocutore
4575,farmaceutico
4576,fantasma
4577,rinnovabile
4578,inevitabilmente
4579,velocemente
4580,volentieri
4581,AM
4582,distacco
4583,vizio
4584,agio
4585,spessore
4586,ispettore
4587,varare
4588,cartello
4589,amaro
4590,superficiale
4591,moderato
4592,pallone
4593,obbligazione
4594,Australia
4595,comandare
4596,follia
4597,Gabriele
4598,allungare
4599,trimestre
4600,fibra
4601,centrare
4602,bit
4603,ottanta
4604,smentire
4605,striscia
4606,abbigliamento
4607,comunione
4608,furto
4609,vettura
4610,astratto
4611,adoperare
4612,esca
4613,ironia
4614,Sera
4615,tardo
4616,offendere
4617,viabilità
4618,staminale
4619,soddisfatto
4620,riaprire
4621,--
4622,-
4623,Red
4624,tessera
4625,posizionare
4626,transizione
4627,riordino
4628,consecutivo
4629,pepe
4630,risultante
4631,ricezione
4632,ripristino
4633,metodologico
4634,statua
4635,questura
4636,potenziare
4637,Elena
4638,invisibile
4639,torneo
4640,pacifico
4641,comprovare
4642,nominale
4643,presupporre
4644,discarica
4645,pregio
4646,talunare
4647,educatore
4648,detenzione
4649,ausilio
4650,diocesi
4651,tonnellata
4652,sedia
4653,multiplo
4654,dotato
4655,favola
4656,magazzino
4657,erede
4658,pensionato
4659,attrarre
4660,incluso
4661,?
4662,27459
4663,27452
4664,27443
4665,27433
4666,27432
4667,27426
4668,27412
4669,27398
4670,27392
4671,27385
4672,27382
4673,27378
4674,27373
4675,27332
4676,27324
4677,27316
4678,27312
4679,27285
4680,27275
4681,27263
4682,27253
4683,27251
4684,27238
4685,27222
4686,27221
4687,27199
4688,27191
4689,27176
4690,27174
4691,27150
4692,27147
4693,27140
4694,27139
4695,27134
4696,27131
4697,27130
4698,27117
4699,27112
4700,27111
4701,27095
4702,27073
4703,27072
4704,27066
4705,27057
4706,27055
4707,27043
4708,27037
4709,27033
4710,27028
4711,27028
4712,27020
4713,27002
4714,26992
4715,26982
4716,26976
4717,26969
4718,26962
4719,26961
4720,26924
4721,26923
4722,26914
4723,26899
4724,26881
4725,26873
4726,26851
4727,26843
4728,26842
4729,26837
4730,26818
4731,26806
4732,.
4733,mago
4734,nono
4735,onesto
4736,scatola
4737,Udine
4738,potestà
4739,anzitutto
4740,bolognese
4741,Lucia
4742,distributore
4743,allâ
4744,Bossi
4745,consueto
4746,ricondurre
4747,accettabile
4748,fatturato
4749,strappare
4750,stagionale
4751,burro
4752,semplicità
4753,Marino
4754,strutturare
4755,messa|messe
4756,Festa
4757,promozionale
4758,questionario
4759,jazz
4760,sfiorare
4761,Emanuele
4762,regolarità
4763,pugno
4764,dossier
4765,gomma
4766,doloroso
4767,Dario
4768,vincente
4769,Agostino
4770,mafioso
4771,resa
4772,Tel
4773,cortile
4774,abitato
4775,pagano
4776,Van
4777,riscaldamento
4778,selezionato
4779,corridoio
4780,l.
4781,transito
4782,inseguire
4783,Renato
4784,rovinare
4785,Mosca
4786,sindrome
4787,equilibrato
4788,aggirare
4789,bozza
4790,esordio
4791,sporco
4792,corrispettivo
4793,corruzione
4794,salita
4795,fabbricato
4796,scultura
4797,esclusiva
4798,alternare
4799,macchia
4800,Parmalat
4801,cornice
4802,ghiaccio
4803,Lecce
4804,Friuli
4805,fingere
4806,list
4807,ellare
4808,Livorno
4809,dettato
4810,calma
4811,rendimento
4812,altamente
4813,contribuzione
4814,invasione
4815,aggregazione
4816,eco
4817,richiamato
4818,sequestrare
4819,preposto
4820,collana
4821,sovrano
4822,conciliazione
4823,fallire
4824,privilegiato
4825,Leone
4826,pena|pene
4827,aggiudicazione
4828,regolatore
4829,miele
4830,anagrafico
4831,vano
4832,determinante
4833,penalizzare
4834,esplorare
4835,farina
4836,magno
4837,replica
4838,fauna
4839,Pavia
4840,compilazione
4841,riorganizzazione
4842,rata
4843,Alpi
4844,Spa
4845,argomentazione
4846,duplice
4847,prigione
4848,occupato
4849,ettaro
4850,emigrazione
4851,miseria
4852,intervallo
4853,particella
4854,oramai
4855,Rossa
4856,pulire
4857,mensa
4858,riformista
4859,que
4860,penna
4861,accordare
4862,Times
4863,tante
4864,isolato
4865,rivelazione
4866,lineare
4867,ridicolo
4868,detta
4869,combinare
4870,scioglimento
4871,locare
4872,golfo
4873,inaugurazione
4874,profugo
4875,Sandro
4876,preannunciare
4877,notevolmente
4878,Tom
4879,stress
4880,Madrid
4881,verdura
4882,obiezione
4883,borgo
4884,romantico
4885,laterale
4886,busto
4887,jul
4888,custodire
4889,ginocchio
4890,orologio
4891,olandese
4892,Cattolica
4893,olimpico
4894,undici
4895,austriaco
4896,evocare
4897,magnifico
4898,magnetico
4899,stupefacente
4900,giurare
4901,liquidare
4902,Topic
4903,nato
4904,comprensibile
4905,farmacia
4906,argentino
4907,fronteggiare
4908,spa
4909,svizzero
4910,precipitare
4911,tortura
4912,XX
4913,seriamente
4914,abbinare
4915,confuso
4916,Benedetto
4917,bibliografico
4918,ecclesiastico
4919,slogan
4920,mirato
4921,invalidità
4922,illegittimo
4923,Olanda
4924,risanamento
4925,omonimo
4926,pomodoro
4927,accurato
4928,selvatico
4929,Raffaele
4930,convivere
4931,fattura
4932,progressivamente
4933,Walter
4934,sufficientemente
4935,pertinente
4936,costitutivo
4937,supplenza
4938,fecondazione
4939,differenziare
4940,impegnativo
4941,suoi
4942,rassicurare
4943,vendetta
4944,precisazione
4945,carino
4946,vissuto
4947,letteralmente
4948,grotta
4949,Amato
4950,allegro
4951,garante
4952,rimozione
4953,foro
4954,asiatico
4955,quotidianamente
4956,Pro
4957,Lug
4958,stop
4959,incominciare
4960,coraggioso
4961,incapacità
4962,cruciale
4963,giudicatore
4964,genere|genero
4965,ambientalista
4966,acciaio
4967,brasiliano
4968,ottimale
4969,infantile
4970,cadavere
4971,sponsor
4972,perdere|perdonare
4973,ignoranza
4974,Cnr
4975,prefettura
4976,ragazzino
4977,protestare
4978,dimora
4979,prato
4980,confessare
4981,infilare
4982,vigilia
4983,show
4984,telefonia
4985,terremoto
4986,sotterraneo
4987,bus
4988,accessibilità
4989,casino
4990,sconosciuto
4991,J
4992,altronde
4993,schieramento
4994,Latina
4995,tomba
4996,gradire
4997,telecamera
4998,Abruzzo
4999,rodere
